<?xml version="1.0" encoding="UTF-8" standalone="yes"?>
<addon id="plugin.video.kpolyamass" version="1.0.8" name="Kpolyamass" provider-name="The Prophet">
	<requires>
		<import addon="xbmc.python" version="2.19.0" />
		<import addon="script.module.kpolyamass" />
		<import addon="script.kpolyamass.artwork" />
		<import addon="script.kpolyamass.metadata" />
		<import addon="script.module.resolveurl" />
		<import addon="script.module.requests" />
		<import addon="script.module.metahandler" />
	</requires>
	<extension point="xbmc.python.pluginsource" library="kpolyamass.py">
		<provides>video</provides>
	</extension>
	<extension point="xbmc.addon.metadata">
		<summary lang="en">kpolyamass ResolveURL Covenant Fork From The Prophet</summary>
		<description lang="en">[I]A New Generation[/I][CR][CR][B]kpolyamass Movies and TV[/B][CR][CR]This addon does not form part of the Kodi Media Centre. Please do not seek assistance with this addon from any of the Official Kodi Support Channels.[CR][CR]The author does not host any of the content in this addon and takes no responsibility for content found.</description>
		<platform>all</platform>
		<license>GNU GENERAL PUBLIC LICENSE. Version 3, 29 June 2007</license>
		<forum></forum>
		<website></website>
		<source></source>
		<disclaimer lang="en">The author of this addon do not host any of the content which is found and have no affiliation with any of the content providers. This addon simply searches websites for content. Use at your own risk!</disclaimer>
		<assets>
			<icon>icon.png</icon>
			<fanart>fanart.jpg</fanart>
    			<screenshot></screenshot>
    			<screenshot></screenshot>
    			<screenshot></screenshot>
		</assets>
		<news></news>
	</extension>
</addon>
