<?xml version="1.0" encoding="UTF-8" standalone="yes"?>
<addon id="script.prophet.metadata" version="1.1.0" name="Prophet Metadata" provider-name="The Prophet">
	<requires>
		<!--<import addon="xbmc.python" version="2.19.0"/>-->
	</requires>
	<extension point="xbmc.python.module" library="lib" />
	<extension point="xbmc.addon.metadata">
		<summary>Metadata for the Prophet Addon</summary>
		<description>Metadata for Prophet are maintained separately to make distribution of the the addon itself easier/faster.</description>
		<platform>all</platform>
	</extension>
</addon>
